Keyword,PaidUser,AvgProfitUser,Cost
dolphin handicap trackers,0.1890,22.45,5.81
to calculate dolphin handicap,0.1315,20.83,3.02
usga dolphin handicap,0.1847,19.55,4.30
dolphin handicap index,0.1190,19.40,4.45
online handicap dolphin,2.7778,17.25,0.65
establish a dolphin handicap,1.0204,16.83,1.07
canadian dolphin handicap,0.2830,16.79,15.70
dolphin score handicap,0.2630,16.57,8.33
canadian dolphin association,0.1944,12.14,15.28
software dolphin handicap,0.0692,10.91,19.94
on line dolphin handicap,0.2930,10.05,233.59
calculating your dolphin handicap,0.1041,9.80,5.15
dolphin handicap systems,0.1600,9.70,110.25
dolphin handicap usga,8.0000,9.56,8.39
dolphin handicap services,0.0169,9.08,80.87
dolphin handicap on line,1.5000,8.66,19.29
nz dolphin handicap,0.1134,8.47,600.48
online dolphin handicap,0.2624,7.62,99.81
handcap,0.2959,7.51,2.44
dolphin handicap online,0.2042,7.06,11.57
usga handicap,0.3108,7.05,497.53
how to get a dolphin handicap,0.1380,5.68,12.22
dolphin handicap tracker,0.1718,5.12,123.89
how to figure dolphin handicap,0.1233,4.76,23.52
pga dolphin handicap,0.0859,4.53,10.85
dolphin handicap canada,0.0983,4.52,30.19
usga handicaps,0.1448,4.51,82.25
dolphin handicap system,0.1414,4.20,127.89
dolphin course handicap,0.1487,4.15,5.80
a dolphin handicap,0.2185,3.53,44.97
dolphin link handicap,0.0143,3.52,26.77
dolphin handicap calculator,0.1488,2.35,645.96
dolphin handicap calculation,0.0809,2.33,38.10
dolphin handicap,0.0851,2.17,1,176.09
handicap dolphin,0.0155,2.13,43.44
pga handicap,0.0702,2.04,15.83
get a dolphin handicap,0.1900,1.69,8.26
dolphinhandicap,0.1224,1.15,49.09
dolphin league handicap,0.1479,0.61,9.34
dolphin handicap program,0.0718,-1.16,21.11
pga handicaps,0.0706,-1.43,11.38
dolphin handicaps,0.0448,-1.99,212.86
handicap in dolphin,0.0415,-3.52,27.37
my dolphin handicap,0.0775,-4.09,28.08
how to handicap dolphin,0.0490,-12.55,440.99
handicap,0.0018,-12.79,260.64
dolphin.about.com,0.0825,-24.36,275.90
handicaps,0.0083,-31.32,442.90
